serial	token_full_name	token	description	price-usd	price_change_percentage	volume_24h_usd	circulating_market_cap_usd	onchain_market_cap_usd	holders
1	Binance-Peg Ethereum Token (ETH)	ETH	"Ethereum is a global, open-source platform for decentralized applications. Eth is fueling transactions on the Chain."	1277.85	0.074234	3477152949	1.5399E+11	773099250	1434523
2	Binance-Peg BSC-USD (BSC-USD)	BUSD	A pegged token by Binance which gives you the joint benefits of open blockchain technology and traditional currency by converting your cash into a stable digital currency equivalent.	1	0.000058	18406830852	65769944227	3183177920	5835894
3	Wrapped BNB (WBNB)	WBNB	"As the native coin of Binance Chain, BNB has multiple use cases: fueling transactions on the Chain, paying for transaction fees on Binance Exchange, making in-store payments, and many more."	289.12	0.016796	537999304	46250081041	1102983827	1767472
4	Binance-Peg USD Coin (USDC)	USDC	USD Coin (known by its ticker USDC) is a stablecoin that is pegged to the U.S. dollar on a 1:1 basis.	1	0.000058	1288891975	42758873402	879000000	577583
5	USDC (anyUSDC)		Cross-chain router protocol.	1	0.000058	1288891975	42758873402	3015960	1719
6	Binance-Peg BUSD Token (BUSD)	BUSD	"BUSD is a 1:1 USD-backed stablecoin approved by NYDFS and issued by Paxos on Ethereum. Binance provides Binance-Peg BUSD on other chains by locking an equivalent amount of assets on Ethereum. Note that Binance-Peg BUSD is provided by Binance, which is not issued by Paxos nor regulated by the NYDFS."	1	0.000058	3942378269	22105526278	4852215626	4353878
7	Binance-Peg XRP Token (XRP)	XRP	"XRP is a digital asset built for payments. It is the native digital asset on the XRP Ledger—an open-source, permissionless and decentralized blockchain technology that can settle transactions in 3-5 seconds."	0.39	0.000023	392899741	19606478977	107767535	250281
9	Binance-Peg Cardano Token (ADA)	ADA	Cardano (ADA) is a decentralized platform that will allow complex programmable transfers of value in a secure and scalable fashion. Cardano is built in the secure Haskell programming language.	0.31	0.000018	124139015	10844381863	88094871	501540
10	Matic Token (MATIC)	MATIC	"Matic Network brings massive scale to Ethereum using an adapted version of Plasma with PoS based side chains. Polygon is a well-structured, easy-to-use platform for Ethereum scaling and infrastructure development."	0.92	0.000053	230266894	8200261833	91579200	298474
11	Binance-Peg Polkadot Token (DOT)	DOT	"Polkadot is a blockchain project that aims to connect blockchains, to enable the transfer of value and logic across chains. DOT is the native coin of the network."	5.31	0.000308	111586449	6076279612	84882547	189340
12	Binance-Peg Dai Token (DAI)	DAI	"Dai is a stable cryptocurrency supported by Maker (MKR). To ensure price stability, Dai minimizes the price volatility against the US dollar, through an incentive structure for its participants."	1	0.000058	92743435	5878615033	127523317	115962
13	Binance-Peg Litecoin Token (LTC)	LTC	"Litecoin is a peer-to-peer Internet currency that enables instant, near-zero cost payments to anyone in the world. Litecoin is an open source, global payment network that is fully decentralized without any central authorities."	77.25	0.004488	325387829	5540400900	56006250	62193
14	Binance-Peg SHIBA INU Token (SHIB)	SHIB	SHIBA INU is an experiment in decentralized spontaneous community building.	0	0	59926052	5086435574	68459482	1006384
15	Binance-Peg Uniswap (UNI)	UNI	Uniswap is an automated liquidity protocol powered by a constant product formula and implemented in a system of non-upgradeable smart contracts on the Ethereum blockchain.	6.16	0.000358	56815466	4691689205	29545831	59612
16	Binance-Peg Avalanche Token (AVAX)	AVAX	"Avalanche is an umbrella platform for launching decentralized finance (DeFi) applications, financial assets, trading and other services."	13.47	0.000783	90528649	4183725515	26940603	99369
17	Binance-Peg ChainLink Token (LINK)	LINK	"A blockchain-based middleware, acting as a bridge between cryptocurrency smart contracts, data feeds, APIs and traditional bank account payments."	6.91	0.000401	167883671	3402057658	59426000	127332
18	Binance-Peg Cosmos Token (ATOM)	ATOM	"Cosmos is a decentralized network of independent parallel blockchains, each powered by BFT consensus algorithms like Tendermint consensus."	9.76	0.000567	68400345	2796188444	18552057	48328
19	Binance-Peg Ethereum Classic (ETC)	ETC	"Ethereum Classic (ETC) is a hard fork of Ethereum (ETH) that launched in July 2016. Its main function is as a smart contract network, with the ability to host and support decentralized applications (DApps). Its native token is ETC."	19.31	0.001122	79225431	2670815903	15446363	28578
20	Binance-Peg BitTorrent Token (BTT)	BTT	BitTorrent is a popular peer-to-peer (P2P) file sharing and torrent platform.	0	0	1048627	2517192710	5181956	78572
21	Binance-Peg Bitcoin Cash Token (BCH)	BCH	Bitcoin ABC is an electronic cash platform that allows peer-to-peer online cash payments. It is a fork (a copy in a way) of Bitcoin (BTC).	110.31	0.006408	100803873	2123691042	9541741	16226
22	Binance-Peg NEAR Protocol (NEAR)	NEAR	"NEAR Protocol is a decentralized application platform designed to make apps usable on the web. The network runs on a Proof-of-Stake (PoS) consensus mechanism called Nightshade, which aims to offer scalability and stable fees."	1.72	0.0001	34936301	1440059453	11889674	36395
23	Binance-Peg EOS Token (EOS)	EOS	EOS is a cryptocurrency token and blockchain that operates as a smart contract platform for the deployment of decentralized applications and decentralized autonomous corporations.	1.04	0.000061	137449946	1124517967	14456700	38007
24	Binance-Peg Elrond Token (EGLD)	EGLD	"Elrond is a blockchain protocol that seeks to offer extremely fast transaction speeds by using sharding. The project describes itself as a technology ecosystem for the new internet, which includes fintech, decentralized finance and the Internet of Things."	46.03	0.002674	21602093	1095678193	13809985	31468
25	Trust Wallet (TWT)	TWT	Utility token to increase adoption of cryptocurrency.	2.58	0.00015	47515807	1075824956	2582083798	298775
26	Binance-Peg FLOW Token (FLOW)	FLOW	"Flow is a layer-1 blockchain that aims to be fast, decentralized, and developer-oriented. It is designed as the foundation to power games, apps, and the associated digital assets."	1.04	0.00006	27106819	1073096813	3418904	4428
27	Frax (FRAX)	FRAX	"Frax is a fractional-algorithmic stablecoin protocol. It aims to provide a highly scalable, decentralized, algorithmic money in place of fixed-supply assets like BTC. Additionally, FXS is the value accrual and governance token of the entire Frax ecosystem."	1	0.000058	5503202	1022243391	1033876	737
28	Binance-Peg Axie Infinity Shard Token (AXS)	AXS	"Axie Infinity is a Pokémon-inspired digital pet universe where anyone can earn tokens through skilled gameplay and contributions to the ecosystem. Players can battle, collect, raise, and build a land-based kingdom for their pets (known as Axies)."	8.53	0.000496	190278923	969495771	10321300	78425
29	Binance-Peg Tezos Token (XTZ)	XTZ	"Tezos is a smart contract platform that uses blockchain voting to be self-governing by its token holders. Also, the platform aims to boost the security of smart contracts."	1	0.000058	9944721	921655028	4913174	18434
30	Binance-Peg Paxos Standard (PAX)	PAX	Paxos Standard (PAX) is a stablecoin that allows users to exchange US dollars for Paxos Standard Tokens to 'transact at the speed of the internet'.	1	0.000058	127525140	918323105	3571572	1013
31	Binance-Peg BTCB Token (BTCB)	BTCB	"Bitcoin BEP2 (BTCB) is a token on Binance Chain issued by Binance, where the price is pegged to BTC at a rate of 1 BTCB = 1 BTC."	17192.58	0.998771	1109384	918101966	1040168439	518419
32	Chain (XCN)	XCN	Chain is a cloud blockchain protocol that enables organizations to build better financial services from the ground up powered by Sequence and Chain Cloud.	0.04	0.000002	11899116	819203053	16210234	5658
33	Binance-Peg Pax Dollar Token (USDP)	USDP	Pax Dollar (USDP) is a digital dollar redeemable one-to-one for US dollars and regulated by the New York Department of Financial Services.	1	0.000058	1188895	767542322	2430492	568
34	Binance-Peg TrueUSD Token (TUSD)	TUSD	"TUSD is a regulated, exchange-independent stablecoin backed 1-for-1 with US Dollars."	1	0.000058	24798894	756756214	113113000	13145
35	Binance-Peg Zcash Token (ZEC)	ZEC	Zcash (ZEC) is a decentralized and open-source privacy-focused cryptocurrency that enables selective transparency of transactions. Zcash transactions can either be transparent or shielded through a zero-knowledge proof called zk-SNARKs.	46.12	0.002679	23407977	732717139	4612338	6237
36	Decentralized USD (USDD)	USDD	USDD is a fully decentralized over-collateralization stablecoin.	0.98	0.000057	150361770	707406313	107930473	3139
37	Binance-Peg Synthetix Network Token (SNX)	SNX	Synthetix is a derivatives liquidity protocol on Ethereum that enables the issuance and trading of synthetic assets.	2.93	0.00017	78134062	684978265	3223886	9636
38	BitTorrent (BTT)	BTT	"BTT is the official token of BitTorrent Chain, mapped from BitTorrent Chain at a ratio of 1:1. BitTorrent Chain is a brand-new heterogeneous cross-chain interoperability protocol, which leverages sidechains for the scaling of smart contracts."	0	0	13472056	650318223	25188977	29233
39	Fantom (FTM)	FTM	Fantom is a directed acyclic graph (DAG) smart contract platform providing decentralized finance (DeFi) services to developers using its own bespoke consensus algorithm.	0.24	0.000014	78218655	617417170	9990259	76055
40	Binance-Peg Maker (MKR)	MKR	Maker is a Decentralized Autonomous Organization that creates and insures the dai stablecoin on the Ethereum blockchain	620.24	0.036032	14066474	606362985	3101185	4033
41	MIOTAC (IOTA)	IOTA	"IOTA is a distributed ledger with its proprietary technology known as Tangle, a system of nodes that confirm transactions. It aims to offer greater speeds than conventional blockchains and an ideal footprint for the ever-expanding Internet of Things ecosystem."	0.21	0.000012	9391268	583561785	5438692	21653
42	Binance-Peg PAX Gold (PAXG)	PAXG	"PAX Gold (PAXG) tokens each represent one fine troy ounce of an LBMA-certified, London Good Delivery physical gold bar, secured in Brink’s vaults."	1791.21	0.104057	8595086	582518386	537364	2
43	Binance-Peg eCash Token (XEC)	XEC	"eCash is the natural continuation of the Bitcoin Cash project. eCash follows through on key promises such as the innovative Avalanche consensus layer while also introducing concepts such as staking, fork-free network upgrades, and subchains."	0	0	4010857	574648829	1103985	7300
44	Frax Share (FXS)	FXS	"FXS is the value accrual and governance token of the entire Frax ecosystem. Frax is a fractional-algorithmic stablecoin protocol. It aims to provide highly scalable, decentralized, algorithmic money in place of fixed-supply assets like BTC."	6.2	0.00036	4236621	447026598	516367	717
45	Zilliqa (ZIL)	ZIL	Zilliqa (ZIL) is a public blockchain built on a sharded architecture. It has solved blockchain scalability and speed by implementing sharding.	0.02	0.000001	15278071	380411510	3318082	37679
46	1INCH Token (1INCH)	1INCH	1inch is a decentralized exchange aggregator that sources liquidity from various exchanges and is capable of splitting a single trade transaction across multiple DEXs. Smart contract technology empowers this aggregator enabling users to optimize and customize their trades.	0.45	0.000026	15579661	342245569	11214000	99365
47	Binance-Peg Basic Attention Token (BAT)	BAT	The Basic Attention Token is the new token for the digital advertising industry.	0.23	0.000013	22211911	340598602	5708020	22832
8	Binance-Peg Dogecoin Token (DOGE)	DOGE	"Dogecoin (DOGE) is based on the popular ""doge"" Internet meme and features a Shiba Inu on its logo. Dogecoin's creators envisaged it as a fun, light-hearted cryptocurrency. that would have greater appeal beyond the core Bitcoin audience, since it was based on a dog meme."	0.1	0.000006		279719339	12909099485	139141524
48	Binance-Peg Compound Coin (COMP)	COMP	"Compound (COMP) is an ERC-20 asset that powers the community governance of the Compound protocol; COMP token-holders and their delegates debate, propose, and vote on changes to the protocol."	40.06	0.002327	15907675	274662173	2003000	12950
49	Green Metaverse Token (GMT)	GMT	"STEPN is a “Web3 lifestyle app” with GameFi elements on the Solana blockchain. It combines aspects of a play-to-earn game with a fitness app to create a new category coined “move-to-earn.” Users buy NFT sneakers, which they can use to earn in-game currency while walking, running, or jogging."	0.4	0.000023	32621345	242508657	18006799	91503
50	Wrapped USTC Token (USTC)	USTC		0.02	0.000001	10205199	225838207	2200707	82266
51	Binance-Peg IoTeX Network (IOTX)	IOTX	"Building the Internet of Trusted Things  Blockchain, IoT, & Privacy."	0.02	0.000001	3017769	224044187	9557489	37102
52	Binance-Peg yearn.finance (YFI)	YFI	"Yearn.finance is an aggregator service for decentralized finance (DeFi) investors, using automation to allow them to maximize profits from yield farming."	6955.77	0.404082	12256386	217146747	6260193	7365
53	Ankr (ANKR)	ANKR	Web3 Infrastructure for All	0.02	0.000001	14472035	206453915	213656282	39220
54	JUST (JST)	JST	JUST is a (DeFi) ecosystem built for the TRON blockchain. It is an entire suite of products that are mostly centered around a decentralized stablecoin lending platform known as JustStable.	0.02	0.000001	36382600	204888092	575398	880
55	pTokens GALA (GALA)	GALA	"Gala Games is dedicated to decentralizing the multi-billion dollar gaming industry by giving players access to their in-game items. Coming from the Co-founder of Zynga and some of the creative minds behind Farmville 2, Gala Games aims to revolutionize gaming."	0.03	0.000001	44814801	194498681	1447150035	74643
56	Venus BTC (vBTC)	vBTC	Venus is an algorithmic money market and synthetic stablecoin decentralized finance protocol.	870.45	0.050567	0	179170589	556858459	10362
57	Baby Doge Coin (BabyDoge)	BabyDoge	"BabyDoge has learned a few tricks and lessons from his meme father, Doge. He is Hyper-deflationary with a smart staking system built-in. Simply hold while every network transaction in the ecosystem has a 5% fee that is redistributed to the holders."	0	0	1764752	177217925	462000000	1646251
58	Binance-Peg Ontology Token (ONT)	ONT	Ontology is a new high-performance public blockchain project & a distributed trust collaboration platform that include a series of complete distributed ledgers and smart contract systems.	0.19	0.000011	20093760	162920453	3518079	12576
59	SafePal Token (SFP)	SFP	SafePal is a cryptocurrency wallet that helps users to protect and grow their decentralized assets.	0.47	0.000027	8565754	152875933	235627240	156467
60	SafeMoon (SFM)	SFM	Safemoon protocol aims to create a self-regenerating automatic liquidity providing protocol that would pay out static rewards to holders and penalize sellers.	0	0	362116	135593785	242070000	701408
61	Binance-Peg APENFT Token (NFT)	NFT	"APENFT was born with the mission to register world-class artworks as NFTs on blockchain.
It aims to build a bridge between top-notch artists and blockchain, and to support the growth of native crypto NFT artists."	0	0	13143156	130697654	1992371	181647
62	APENFT (NFT)	NFT	"APENFT Fund was born with the mission to register world-class artworks as NFTs on blockchain and aim to be the ARK Funds in the NFT space to build a bridge between top-notch artists and blockchain, and to support the growth of native crypto NFT artists. Mapped from TRON network."	0	0	13597576	130621934	267082	11626
63	Swipe (SXP)	SXP	Swipe is a cryptocurrency wallet and debit card that enables users to spend their cryptocurrencies over the world.	0.25	0.000014	4599191	126224476	72259538	57140
64	Binance-Peg Kyber Network Crystal Token (KNC)	KNC	"Kyber is a blockchain-based liquidity protocol that aggregates liquidity from a wide range of reserves, powering instant and secure token exchange in any decentralized application."	0.64	0.000037	8666335	104813536	3109068	4648
65	Venus USDC (vUSDC)	vUSDC	Venus is an algorithmic money market and synthetic stablecoin decentralized finance protocol.	0.02	0.000001	6687241	103764572	91214143	4644
66	Binance-Peg Smooth Love Potion (SLP)	SLP	Smooth Love Potions (SLP) is a ERC-20 token that is fully tradable.	0	0	6168147	102691966	5370301	32849
67	Prometeus (PROM)	PROM	"Prom is a unified access point to the NFT gaming and metaverse industries that includes an NFT marketplace and aggregator, non-collateralized NFT rental and mortgage, an educational portal and analytic tools, an NFT Launchpad, and DEX for GameFi assets."	5.35	0.000311	5275261	87973269	106958381	4716
68	FLOKI (FLOKI)	FLOKI	The Floki Inu protocol is a cross-chain community-driven token available on two blockchains: Ethereum (ETH) and Binance Smart Chain (BSC).	0	0	1250570	87719661	94200000	356187
69	Synapse (SYN)	SYN	Synapse is a cross-chain layer ∞ protocol powering interoperability between blockchains.	0.62	0.000036	520074	86828262	32322751	3357
70	MDX Token (MDX)	MDX	"MDEX integrates the advantages of multiple chains to create a high-performance composite DEX ecosystem, to maximize the rewards of participants with the ""dual mining incentives"" of liquid mining and transaction mining."	0.09	0.000005	3269031	82734784	29721294	61238
71	Binance-Peg Cartesi Token (CTSI)	CTSI	Cartesi takes smart contracts to the next level by implementing a variant of optimistic roll-ups. Cartesi is revolutionizing smart contracts by allowing developers to code with mainstream software stacks. Noether is Cartesi's high-performance and low cost data availability side-chain.	0.13	0.000007	20509930	82169036	1265700	6476
72	Binance-Peg COTI Token (COTI)	COTI	"COTI is an enterprise-grade fintech platform that enables cross-chain interoperability and is built on its own DAG-based chain. It supports extreme scalability, low transaction costs and is supplemented with payment-specific requirements in the form of COTI Pay, a holistic digital payment solution."	0.07	0.000004	12013722	80105888	1445080	9768
73	ALICE (ALICE)	ALICE	"My Neighbor Alice is a multiplayer builder game, where anyone can buy and own virtual islands, collect and build exciting items and meet new friends. The game combines a fun narrative for regular players and an ecosystem for players who want to collect and trade Non-Fungible Tokens (NFTs)."	1.32	0.000077	9436460	78765288	10560000	53438
74	wazirx token (WRX)	WRX	"WazirX is a India's cryptocurrency exchange with trading interface and features to buy, sell and trade cryptocurrencies."	0.17	0.00001	3836139	77281203	2626630	8911
75	Anyswap-BEP20 (ANY)	ANY	"Anyswap is a fully decentralized cross chain swap protocol, with automated pricing and liquidity system."	4.11	0.000239	5828	76553857	16992319	170022
76	Orbs (ORBS)	ORBS	"Orbs is a public blockchain built for the needs of apps with millions of users, from SLAs to adjustable fee models to on-demand capacity."	0.03	0.000001	1190757	75013949	313629	1774
77	Biswap (BSW)	BSW	"BSW is a deflationary token aims to incentivize the liquidity provision to the Biswap platform. BSW tokens are burned by sending them to the burn address and a total of 6,292,523 has been burned from the original supply of 117,403,378 as of Sep 24, 2021."	0.21	0.000012	8386454	74848717	95463126	146315
78	Binance-Peg Band Protocol Token (BAND)	BAND	Band Protocol is a cross-chain data oracle platform that aggregates and connects real-world data and APIs to smart contracts.	2.05	0.000119	16771509	72238584	6568670	10092
79	Binance-Peg Celer Token (CELR)	CELR	"Celer Network is offering layer-2 scaling platform. It brings interactive, secure and low-cost applications to every blockchain."	0.01	0.000001	6750655	71608355	3176383	24826
80	Binance-Peg Phala Network Token (PHA)	PHA	"Phala Network is a privacy-preserving cloud computing service, which offers computing power comparable to existing cloud services and protects the privacy of managed programs."	0.15	0.000009	29947027	70449106	1224224	8928
81	Binance-Peg ELF Token (ELF)	ELF	aelf is an innovative open-source blockchain network designed as a complete business solution. The structure of ‘one main chain + multiple side chains’ allows developers to independently deploy or run DApps (Distributed Applications) on individual side chains to achieve effective resource isolation.	0.13	0.000008	12850703	68775861	526573	1153
82	AlphaToken (ALPHA)	ALPHA	Alpha Finance Lab is an ecosystem of DeFi products and focused on building an ecosystem of automated yield-maximizing Alpha products that interoperate to bring optimal alpha to users on a cross-chain level.	0.09	0.000005	2808986	67281890	89709187	18768
83	Binance-Peg Bancor Network Token (BNT)	BNT	Bancor is an on-chain liquidity protocol that enables constant convertibility between tokens. Conversions using Bancor are executed against on-chain liquidity pools using automated market makers to price and process transactions without order books or counterparties.	0.38	0.000022	5762996	64171147	750121	1072
84	Reef.finance (REEF)	REEF	Reef Finance is a multi-chain smart yield engine and liquidity aggregator for any DeFi protocol to integrate with.	0	0	16620237	63983125	35733900	102061
85	CertiK Token (CTK)	CTK	"CertiK provides security infrastructure for the blockchain. It features various projects - CertiK security oracle, CertiK shield and CertiK Chain."	0.76	0.000044	6658088	61210685	6903178	16437
86	Binance-Peg YFII.finance Token (YFII)	YFII	"DFI.Money (YFII) is a DeFi platform which aims to build products on aggregated liquidity provision, leveraged trading, automated marketing making."	1519.49	0.088272	27799215	58646262	4102625	1938
87	Venus BUSD (vBUSD)	vBUSD	Venus is an algorithmic money market and synthetic stablecoin decentralized finance protocol.	0.02	0.000001	4039921	58625471	178189766	10895
88	BSC Conflux (bCFX)	bCFX	"Conflux is a public, permissionless blockchain bridging Asian and Western communities and economies, to enable the secure flow of assets and data across borders, protocols and applications."	0.03	0.000002	1543255	57504634	19014394	11018
89	VAI Stablecoin (VAI)	VAI	Venus is an algorithmic money market and synthetic stablecoin decentralized finance protocol.	0.98	0.000057	519	56242524	20138925	13681
90	Alien Worlds Trilium (TLM)	TLM	"Alien Worlds is a NFT blockchain game in the world with over 4,000 unique users per hour.
First-generation collectible-only NFTs were “dead” but Alien Worlds’ NFTs come to life with their gaming utility."	0.02	0.000001	5325667	52157678	29128918	97529
91	Venus (XVS)	XVS	Venus is an algorithmic money market and synthetic stablecoin decentralized finance protocol.	4.24	0.000246	1413012	51629560	127265417	54788
92	DODO bird (DODO)	DODO	"DODO is a on-chain liquidity provider, which leverages the Proactive Market Maker algorithm (PMM) to provide pure on-chain and contract-fillable liquidity."	0.12	0.000007	4396615	51395084	4059895	40964
93	Coin98 (C98)	C98	"Coin98 enables value transfer as easily as using the Internet by the innovation of Multi-chain Engine, Fully Automatic Liquidity and Space Gate, all in one Super Liquidity Aggregator."	0.23	0.000014	12304430	50712183	33634969	55244
94	SAITO (SAITO)	SAITO	"Saito is an open network layer that delivers web3 to users. Applications on Saito can run without closed plugins, private APIs and non-open infrastructure."	0.02	0.000001	731770	44410555	5270823	8777
95	pTokens TLOS (TLOS)	TLOS	pNetwork enables cross-chain movement of assets and data.	0.15	0.000009	1360652	43962972	2365552	9836
96	Unidef (U)	U	"U protocol is a utility token that was created with the aim of being the primary currency for the decentralized web economy. Alongside being a token for governance with voting capacity, U will also be used for payments, transactions, and social interactions in our global networks."	0	0	143933	41861500	240678900	48367
97	AlpacaToken (ALPACA)	ALPACA	Alpaca Finance is the first leveraged yield farming protocol on Binance Smart Chain. It will be integrated with PancakeSwap and allow users to open leveraged yield farming positions by borrowing assets from vaults.	0.27	0.000016	1767402	41173042	48869536	75074
98	StandardBTCHashrateToken (BTCST)	BTCST	Bitcoin Standard Hashrate Token (BTCST) brings exchange-grade liquidity to Bitcoin mining. Each BTCST is collateralized by real Bitcoin mining power.	5.27	0.000306	2167527	38417055	79050000	18443
99	Automata (ATA)	ATA	"Automata is a privacy middleware layer for dApps across multiple blockchains, built on a decentralized service protocol."	0.11	0.000007	4558481	37645319	9153440	20629
100	PolkastarterToken (POLS)	POLS	"Polkastarter is a DEX built for cross-chain token sales and auctions, enabling projects to raise capital on a decentralised and interoperable environment based on Polkadot."	0.38	0.000022	1181488	37368275	9366926	18027
101	Wetux (WETUX)	WETUX	WETUX allows to put your idle crypto-asset to work towards enhancing the neo-economy’s open liquidity.	0.02	0.000001		658927		13940154
102	Wetux (WETUX)	WETUX	WETUX allows to put your idle crypto-asset to work towards enhancing the neo-economy’s open liquidity.	0.02	0.000001		658927		13940154
103	LunaGens (LUNG)	LUNG	LunaGens is a multi-chains Defi focus project. LunaGens goals are to make the crypto space safer for investors and to help educate people about the pros and cons of cryptocurrency. LunaGens also stride to explore the road of building its own blockchain to support the ecosystem and utilities.	0	0		571545		1590820
103	LunaGens (LUNG)	LUNG	LunaGens is a multi-chains Defi focus project. LunaGens goals are to make the crypto space safer for investors and to help educate people about the pros and cons of cryptocurrency. LunaGens also stride to explore the road of building its own blockchain to support the ecosystem and utilities.	0	0		565878		1575790
104	Pylon Eco Token (PETN)	PETN	"Pylon Eco is a DeFi, governance and deflationary open source ecosystem-based project. It claims to features buyback guarantee of all ICO tokens and aims for daily used in plenty of ecosystems to bring mass crypto adoption. It provides staking reward and is backed by guarantee portfolio."	0.38	0.000022		203990		37307635
105	Adonis (ADON)	ADON	"Adonis network is a cryptocurrency launchpad which has a complete blockchain structure that includes Coin, Token, Metavers, Web3.0, Gaming Platform, Defi, NFT and Exchang. Actually it's a multi-chain fundraising platform enabling projects to raise capital and promise safety to early stage investors."	0.08	0.000005		5649		812170000
106	Adonis (ADON)	ADON	"Adonis network is a cryptocurrency launchpad which has a complete blockchain structure that includes Coin, Token, Metavers, Web3.0, Gaming Platform, Defi, NFT and Exchang. Actually it's a multi-chain fundraising platform enabling projects to raise capital and promise safety to early stage investors."	0.08	0.000005		5649		812170000
107	Metegg DeFi (MDEFI)	MDEFI	"Metaegg working on web3 through art, gaming, entertainment, and DeFi. MEGG is a token made to support what’s next, controlled, and built on by the community. It will serve as a decentralized protocol layer for community-led initiatives that drive culture forward into the metaverse, gaming & DeFi."	0	0		1313		26636
108	OKEYCOIN (OKEY)	OKEY	"OKEYVERSE is a project with several subprojects focused on developing de-fi, web3 social media, and play-to-earn games on a single platform. The OKEYVERSE project is unique because it has an underlying real asset, which is co-working space."	0	0		1158		676100
109	OKEYCOIN (OKEY)	OKEY	"OKEYVERSE is a project with several subprojects focused on developing de-fi, web3 social media, and play-to-earn games on a single platform. The OKEYVERSE project is unique because it has an underlying real asset, which is co-working space."	0	0		1122		675100
110	JetSwap Token (WINGS)	WINGS	WINGS is the governance and reward token for Jetswap. It is an innovative AMM (automated market maker) in the Jetfuel Ecosystem.	0	0		496		151110
111	Inescoin (INES)	INES	"Inescoin is the cryptocurrency which allows user to create their domain name and website in the blockchain, with end-to-end encrypted messaging through your wallet address."	0	0		330		63
112	OREO (ORE)	ORE	"Oreo will incentivize Defi creation and financial diversity and return the rights and value to its users.
Oreo aims to build public protocol that carries yield farming value."	0	0		301		3000
113	Cryptonits (CRT)	CRT	"Cryptonits CRT is owned and operated by CRYPTONITS LTD. CRT may be stored, moved from one digital wallet to another, or converted into other digital currencies. The cryptocurrency is based on BEP20."	0	0		225		70732
114	Cryptonits (CRT)	CRT	"Cryptonits CRT is owned and operated by CRYPTONITS LTD. CRT may be stored, moved from one digital wallet to another, or converted into other digital currencies. The cryptocurrency is based on BEP20."	0	0		225		70732
115	Extended Guapcoin (xGUAP)	xGUAP	xGUAP is a wrapped token pegged to the decentralized cryptocurrency Guapcoin ( www.guapcoin.org ). xGUAP tokens are minted when Guapcoin is sent to the wrapped contract. xGUAP can be converted to GUAP at any time and used within the Guapcoin ecosystem ( and vice versa ).	0.01	0.000001		161		1280
116	ENERGY COIN (ENG)	ENG	The Energy Token (ENG) is a cryptocurrency belonging to the Energy Web Foundation (ENG). The Energy Web Foundation is an organization dedicated to building open-source operating systems for energy grids that can help in powering a zero-carbon economy.	0	0		154		67363
117	808TA (808TA)	808TA	"808 Exchange offers great staking & dividend rewards for 808TA Token holders, as well as market trading & swap options. 808 Exchange is user friendly and is constantly updating and upgrading to meet the upcoming demands of crypto space."	0	0		130		917700
118	Pasta Token (PASTA)	PASTA	Pasta finance is a fork of goose finance and offer yield farming protocol.	0	0		109		38501
119	ENERGY COIN (ENG)	ENG	The Energy Token (ENG) is a cryptocurrency belonging to the Energy Web Foundation (ENG). The Energy Web Foundation is an organization dedicated to building open-source operating systems for energy grids that can help in powering a zero-carbon economy.	0	0		82		57075
120	DEFI 100 (D100)	D100	"Defi100 is a aynthetic index token based on the principle of elastic supply. Powered by decentralized oracles to provide the most accurate feeds for the rebase, DEFI100 is a synthetic asset on Binance Smart Chain pegged to DEFI."	0.03	0.000002		72		107022
121	DEFI 100 (D100)	D100	"Defi100 is a aynthetic index token based on the principle of elastic supply. Powered by decentralized oracles to provide the most accurate feeds for the rebase, DEFI100 is a synthetic asset on Binance Smart Chain pegged to DEFI."	0.03	0.000002		72		107022
122	Oceans Finance v2 (Oceansv2)	Oceansv2	Oceans Finance is a decentralized financial asset which rewards users with a sustainable fixed compound interest model through use of it’s unique Rebase protocol.	0	0		70		738276
123	Taco (TACO)	TACO	Taco Finance is a yield farming project on BSC.	0	0		64		79379
124	GrowMoon (GM)	GM	GrowMoon is the first of its kind to introduce a financial utility in the form of 'micro-transactions' taking place for all users within the app.	0.02	0.000001		60		23572
125	GrowMoon (GM)	GM	GrowMoon is the first of its kind to introduce a financial utility in the form of 'micro-transactions' taking place for all users within the app.	0.02	0.000001		60		23572
126	SPORTOKEN (SPT)	SPT	Sportoken birth by fans to be a community driven MeMe token for Sport & E-sport with power of decentralization.	0	0		52		335580
127	Pearl Token (PEARL)	PEARL	"Cryptobay is a play-to-earn metaverse game platform on BSC. Users can buy and build ships, fight against pirates in adventure, fight against players in arena, participate in boss battles, build their own harbors, recruit captains and raise pets."	0	0		47		86688
128	Encyclopedia wTa (ENCwTa)	ENCwTa	Encyclopedia Coin is built on the Binance Smart Chain network. It is a Web 3.0 supported direct information transfer project and is a member of the Metaverse family.	0.01	0		44		36172
129	Krabots (KRAC)	KRAC	"Krabots is the ultimate auto-combat robot fighting game. Users play as Krasers to collect NFT robot parts, assemble and upgrade their ultimate Krabot, and defeat an opponent to move on in the Krabots tournament."	0.02	0.000001		28		1914829
130	HASH (HASH)	HASH	"HASH is a utility BEP-20 and ERC-20 token and fuel of Hashbon FiRe crypto payment ecosystem powered by both DeFi and CeFi products. In September 2021, Hashbon introduced the Hashbon Rocket CDEX platform that enables cross-chain token swaps in a DeFi manner."	0	0		28		2974390
131	Baby Floki Billionaire (BabyFB)	BabyFB	"Baby Floki Billionaire is a meme coin on the BSC, inspired by the Floki Inu meme coins success. It rewards token holders with reflections."	0	0		28		100000
132	Crox Token (CROX)	CROX	A cross-chain Automated Market Making (AMM) decentralized exchange with a deflationary token model.	0.01	0.000001		24		57032
133	Crox Token (CROX)	CROX	A cross-chain Automated Market Making (AMM) decentralized exchange with a deflationary token model.	0.01	0.000001		24		57032
134	INME RUN (INMER)	INMER	"INME RUN, it is an app and game merged together in one app through which you can earn INME RUN tokens while running and playing."	0	0		23		71548
135	CBK (CBK)	CBK	CBK is deployed to tokenize milliseconds of exposure time in the blockchain docuseries “Crossing the Yellow Blocks”.	0.01	0.000001		14		116441
136	Spore Token (SPORE)	SPORE	Spore Engineering is a software factory focused on closing the gap between traditional fintech and industry 4.0.	0.56	0.000033		13		185571
137	Spore Token (SPORE)	SPORE	Spore Engineering is a software factory focused on closing the gap between traditional fintech and industry 4.0.	0.56	0.000033		13		185571
138	Ezcoin Market (ECM)	ECM	"Ezcoinmarket is a crypto tracking price website for the crypto asset, News Cryptocurrency, Signal Futures & Spot Trading, Airdrops, Game and Vote tokens"	0	0		12		24800
139	TOZEX (TOZ)	TOZ	"Tozex is a financing platform that combines a token issuance module “Tokenpad” allowing users to launch token-based crowdfunding campaigns (ICO, STO, and BRO) with an embedded crypto asset marketplace."	0.05	0.000003		5		84654
140	TOZEX (TOZ)	TOZ	"Tozex is a financing platform that combines a token issuance module “Tokenpad” allowing users to launch token-based crowdfunding campaigns (ICO, STO, and BRO) with an embedded crypto asset marketplace."	0.05	0.000003		5		84654
141	Virtual Meta (VMA)	VMA	"The VMA wallet/API not only features the ability for users to exchange VMA across any VR/AR experience, environment or world, but also the ability for users to launch their own branded token coins. VMA will seamlessly allow value transfer from the virtual world to the real world and back again."	0.03	0.000002		5		267099900
142	Virtual Meta (VMA)	VMA	"The VMA wallet/API not only features the ability for users to exchange VMA across any VR/AR experience, environment or world, but also the ability for users to launch their own branded token coins. VMA will seamlessly allow value transfer from the virtual world to the real world and back again."	0.03	0.000002		5		267099900
143	Mithrilverse (MITHRIL)	MITHRIL	"MITHRIL is a deflationary token on the Binance Smart Chain, fueled by memetic energy and an active community of MITHRIL-handed holders. The MITHRIL token yields reflections generated from a 4% tax on all transactions; 2% is sent to liquidity and 2% is distributed to holders."	0	0		5		356977
144	Lucky Unicorn Token (L99)	L99	"L99 token is a type of currency which is used for transactions in the ecosystem of NFT Game Lucky Unicorn – Metaverse. It offers a series of games in which players raise, collect, team up unicorns to do various quests, also they can challenge each other individually or as a guild."	0	0		5		75587
145	8BIT DOGE (BITD)	BITD	8Bit Doge is a Play-To-Earn GameFi Token & NFT Project living on the Binance Smart Chain with all NFT sales going back to the token holders.	0	0		4		112100
146	Recycling Token (CYC)	CYC	CYC is a blockchain-based platform for converting waste and recyclables into real-value CYC tokens. CYC Ecosystem connects people with companies and municipal services and makes it possible to encourage citizens to exercise care with waste utilization	0.01	0		3		7912870
147	Green Chart (GREEN)	GREEN	Empower people to become the smartest self-directed investors they can be by creating accessible investment platforms and services.	0	0		3		136000
148	Green Chart (GREEN)	GREEN	Empower people to become the smartest self-directed investors they can be by creating accessible investment platforms and services.	0	0		3		136000
149	Xpose (Xpose)	Xpose	XPOSE PROTOCOL wants to go to extreme measures in enlightening the world. We make epic memories and use xtreme marketing events to build an extraordinary community. XPOSE community members help in this journey to positively impact the world.	0	0		2		9230000
150	Safechaintoken (SCT)	SCT	Safechaintoken is a hyper-deflationary utility token for the Safechaintoken ecosystem.	0	0		1		85580
151	BUX Token (BUX)	BUX	The BUX Platform Token offers BUX as an utility token that can be used on the BUX Crypto platform to access premium features and promotions.	0.49	0.000029		0		37784063
152	BUX Token (BUX)	BUX	The BUX Platform Token offers BUX as an utility token that can be used on the BUX Crypto platform to access premium features and promotions.	0.49	0.000029		0		37784063
153	VANCI.FINANCE (VANCII)	VANCII	Vanci.Finance was developed to bestow its holders for their token loyalty by granting them extraordinary farming rewards. The tokenomics allows holders to be rewarded in both BNB and Vanci tokens for the duration of their holding timeframe.	0.3	0.000017		0		8996
154	VANCI.FINANCE (VANCII)	VANCII	Vanci.Finance was developed to bestow its holders for their token loyalty by granting them extraordinary farming rewards. The tokenomics allows holders to be rewarded in both BNB and Vanci tokens for the duration of their holding timeframe.	0.3	0.000017		0		8996
155	RobustSwap Token (RBS)	RBS	RobustSwap by the Robust Protocol team is a decentralized exchange (DEX) with yield farming and automated market maker (AMM) on the Binance Smart Chain designed to optimize profitability through scarcity and liquidity.	0.26	0.000015		0		27861
156	RobustSwap Token (RBS)	RBS	RobustSwap by the Robust Protocol team is a decentralized exchange (DEX) with yield farming and automated market maker (AMM) on the Binance Smart Chain designed to optimize profitability through scarcity and liquidity.	0.26	0.000015		0		27861
157	Keep3r BSC Network (KP3RB)	KP3RB	KP3RB token is a Keep3r fork project on Binance Smart Chain.	0.14	0.000008		0		184725128
158	Keep3r BSC Network (KP3RB)	KP3RB	KP3RB token is a Keep3r fork project on Binance Smart Chain.	0.14	0.000008		0		184725128
159	Weather (Weather)	Weather	Weather finance is a yield farming protocol on BSC.	0.1	0.000006		0		9142
160	Weather (Weather)	Weather	Weather finance is a yield farming protocol on BSC.	0.1	0.000006		0		9142
161	Genta (GENA)	GENA	"Genta (GENA) is a token with optional uses cases. It can be used for shares, stake, and converting liquid assets. Genta are backed by Tulsa Pro Project."	0.1	0.000006		0		1998897
162	Genta (GENA)	GENA	"Genta (GENA) is a token with optional uses cases. It can be used for shares, stake, and converting liquid assets. Genta are backed by Tulsa Pro Project."	0.1	0.000006		0		1998897
163	Dogestribute (DGSTB)	DGSTB	"Dogestribute is an NFT, gaming, and rewards token. The first game is ready to play on launch with weekly rewards for the top scores."	0.05	0.000003		0		45220
164	Dogestribute (DGSTB)	DGSTB	"Dogestribute is an NFT, gaming, and rewards token. The first game is ready to play on launch with weekly rewards for the top scores."	0.05	0.000003		0		45220
165	Kiwi Token (KIWI)	KIWI	KiwiSwap is a decentralized financial project builts on BSC which features yield farming and staking.	0.03	0.000002		0		12440
166	Hot Cross Token (HOTCROSS)	HOTCROSS	Hot Cross is a multi-chain tool suite. It aims to be a toolbox for EVM networks and expand to non-EVM chains in future.	0.01	0.000001		0		2488608
167	Hot Cross Token (HOTCROSS)	HOTCROSS	Hot Cross is a multi-chain tool suite. It aims to be a toolbox for EVM networks and expand to non-EVM chains in future.	0.01	0.000001		0		2482063
168	cheesemaker.farm (CHS)	CHS	CheeseSwap is a DeFi swap/exchange platform.	0.01	0		0		20160
169	Ramen Token (Ramen)	Ramen	"RamenSwap Finance is a community driven yield farming, DeFi yield aggregator and DEX aggregator on Binance Smart Chain. Users can earn RAMEN by staking it on the pool and farming it by provide the liquidity to earn more delicious RAMEN."	0.01	0		0		143030
170	Monverse (Monstr)	Monstr	"Monverse is a multi-chain combat and strategy game, originally designed and developed on BSC."	0	0		0		14816
171	SiaCashCoin (SCC)	SCC	The SiaCashCoin storage network is decentralized. SiaCashCoin will not require owned storage locations or identifiable nodes.	0	0		0		19112501632
172	PizzaSwap (PIZZA)	PIZZA	Pizza finance is a yield farming project partnered with cheeseswap and keep3rb.network.	0	0		0		0
173	ARRANO (ANDX)	ANDX	"Arrano Network is a Collaborative workspace for the development of fair crypto products like Decentralized Exchange, P2P model, Trader Analytics, Academy, launchpad and others. ANDX is the native DeFi token of the ecosystem that fuels up the operations."	0	0		0		0
174	Axelar Wrapped USDC (axlUSDC)	axlUSDC		0	0		0		0
175	Bitovia (BTV)	BTV	BITOVIA is an ecosystem that opens new horizons for you.	0	0		0		0
176	CAR (CAR)	CAR	The $CAR token can be converted into a Blind Box NFT. Those boxes will contain one of the different Car NFT designs. Three of those Car NFTs will allow the lucky holder to own a real-world exclusive car.	0	0		0		0
177	Cars (CARS)	CARS	An NFT 3D racing game based on BSC.	0	0		0		0
178	Catjam (CATJAM)	CATJAM	Catjam is a community-driven meme coin.	0	0		0		0
179	Chi Gastoken by 1inch (CHI)	CHI	"Chi Gastoken by 1inch.exchange is a more optimized gas token solution then everything existing on the market. Shorter contract address, using create2 and some assembly optimizations provide lower gas costs on minting and burning calls."	0	0		0		0
180	Cream Cardano Token (crADA)	crADA	"C.R.E.A.M. Finance is built on the belief that the financial system of the future should be open and inclusive. Through the permissionless nature of blockchain and automation of smart contracts, they aim to realize this new financial system."	0	0		0		0
181	Curate on BSC (XCUR)	XCUR		0	0		0		0
182	DoYourTip (DYT)	DYT	$DYT is a deflationary ERC20 token with a 2% burn rate. It combines the deflationary feature with off-chain tipping and Enjin collectibles.	0	0		0		0
183	FC Porto Fan Token (PORTO)	PORTO	"FC Porto Fan Token is built on the Binance Smart Chain empowering FC Porto fans with broader accessibility, more functionalities and lower fees."	0	0		0		0
184	Fomotion (FOMO)	FOMO	$FOMO is a token by crypto Youtuber 'Fomotion'. The community asked for a token so here it is.	0	0		0		0
185	fry.KetchupV2 (KHP)	KHP	fry.Ketchup ($KHP) is the official governance token of fry.world Finance.	0	0		0		0
186	HappinessToken (HPS)	HPS		0	0		0		0
187	InnovativeBioresearchCoin (INNBC)	INNBC	"INNBC is a crypto-asset issued by Innovative Bioresearch Ltd, a biotech company performing novel biomedical research in the field of HIV, cancer, and regeneration research, as well as developing decentralized solutions for processing scientific data."	0	0		0		0
188	Kripton Black (LPKB)	LPKB	A full-fledged financial inclusion platform with hybrid crypto-fiat and self-credit scoring aiming to be the future of microfinance and decentralized finance by providing financial tools to underdeveloped countries.	0	0		0		0
189	Kripton Mobile (LPKM)	LPKM	A full-fledged financial inclusion platform with hybrid crypto-fiat and self-credit scoring aiming to be the future of microfinance and decentralized finance by providing financial tools to underdeveloped countries.	0	0		0		0
190	Kripton P (LPKP)	LPKP	A full-fledged financial inclusion platform with hybrid crypto-fiat and self-credit scoring aiming to be the future of microfinance and decentralized finance by providing financial tools to underdeveloped countries.	0	0		0		0
191	Kripton Q (LPKQ)	LPKQ	A full-fledged financial inclusion platform with hybrid crypto-fiat and self-credit scoring aiming to be the future of microfinance and decentralized finance by providing financial tools to underdeveloped countries.	0	0		0		0
192	Kripton T (LPKT)	LPKT	A full-fledged financial inclusion platform with hybrid crypto-fiat and self-credit scoring aiming to be the future of microfinance and decentralized finance by providing financial tools to underdeveloped countries.	0	0		0		0
193	Kripton X (LPKX)	LPKX	A full-fledged financial inclusion platform with hybrid crypto-fiat and self-credit scoring aiming to be the future of microfinance and decentralized finance by providing financial tools to underdeveloped countries.	0	0		0		0
194	Kripton Y (LPKY)	LPKY	A full-fledged financial inclusion platform with hybrid crypto-fiat and self-credit scoring aiming to be the future of microfinance and decentralized finance by providing financial tools to underdeveloped countries.	0	0		0		0
195	Kripton Z (LPKZ)	LPKZ	A full-fledged financial inclusion platform with hybrid crypto-fiat and self-credit scoring aiming to be the future of microfinance and decentralized finance by providing financial tools to underdeveloped countries.	0	0		0		0
196	Lunar (LNR)	LNR	Lunar token contract has migrated to a	0	0		0		0
197	Lunar (LNR)	LNR	Lunar token contract has migrated to a	0	0		0		0
198	LUNCHero (LCH)	LCH	LuncHero is the voice of each and every LunC lover and supporter.	0	0		0		0
199	Milk Protocol (MILK)	MILK	MILK Protocol is an experimental DeFi degens on Binance Smart Chain. Always DYOR before investing in any project.	0	0		0		0
200	Moeda SEEDS (SEEDS)	SEEDS	"Moeda.Finance is the parallel DeFi infrastructure of Moeda, a blockchain powered digital payment and micro lending ecosystem."	0	0		0		0
201	Perlin (PERL)	PERL	PerlinX is democratizing the trading of real-world assets through decentralized liquidity pools and synthetic asset generation.	0	0		0		0
202	Robust Reward (RBW)	RBW	RBT is an experimental BEP20 deflationary token on the Binance Smart Chain.	0	0		0		0
203	Shield Protocol (SHIELD)	SHIELD		0	0		0		0
204	SOOMA (SOA)	SOA	Sooma is a deflation token.	0	0		0		0
205	Standard on xDai on BSC (xMARK)	xMARK	"Benchmark Protocol mitigates liquidation events and hedges risk with the MARK token; a supply elastic, stablecoin-alternative that connects traditional capital markets to DeFi."	0	0		0		0
206	Sun Token (SUN)	SUN		0	0		0		0
207	Super Vote LAUNCH (svLAUNCH)	svLAUNCH		0	0		0		0
208	Switcheo Token (SWTH)	SWTH		0	0		0		0
209	Torum (XTM)	XTM		0	0		0		0
209	Tree Token (TREE)	TREE	Binance Charity Foundation has launched this Australian Bushfire Donation project to help alleviate the impact of this disaster and facilitate the restoration for Australian community.	0	0		0		0
210	Trivian Token (TRIVIA)	TRIVIA	"Trivians is a crypto-powered trivia game app which enables players to win Trivian Token according to their correct answers at different game modes and competitions. It is the new generation trivia game, with a totally unique Battle Royale approach without any geographical and language restrictions."	0	0		0		0
211	TRON (TRX)	TRX		0	0		0		0
212	Tutu Token (TUTU)	TUTU	Payment Facilitator for Foreign Tourists. A global instant payments app for tourists using the local payment system recharged with Bitcoin. Freedom to make payments while traveling with automatic conversion from Crypto (Bitcoin) to local FIAT.	0	0		0		0
213	VIRSACOIN (VIR)	VIR	VIRSA is a new governance token that completes the Social ecosystem by putting control of the protocol in the hands of the community.	0	0		0		0
214	Xpose Protocol (XP)	XP	"A community-driven, social marketing ecosystem powered by blockchain. Xpose establishes a first-of-its-kind decentralized ecosystem that transforms the way brands run marketing campaigns."	0	0		0		0
215	Axelar Wrapped USDC (axlUSDC)	axlUSDC		0	0		0		0
216	Bitovia (BTV)	BTV	BITOVIA is an ecosystem that opens new horizons for you.	0	0		0		0
217	Chi Gastoken by 1inch (CHI)	CHI	"Chi Gastoken by 1inch.exchange is a more optimized gas token solution then everything existing on the market. Shorter contract address, using create2 and some assembly optimizations provide lower gas costs on minting and burning calls."	0	0		0		0
218	FC Porto Fan Token (PORTO)	PORTO	"FC Porto Fan Token is built on the Binance Smart Chain empowering FC Porto fans with broader accessibility, more functionalities and lower fees."	0	0		0		0
219	LUNCHero (LCH)	LCH	LuncHero is the voice of each and every LunC lover and supporter.	0	0		0		0
220	Trivian Token (TRIVIA)	TRIVIA	"Trivians is a crypto-powered trivia game app which enables players to win Trivian Token according to their correct answers at different game modes and competitions. It is the new generation trivia game, with a totally unique Battle Royale approach without any geographical and language restrictions."	0	0		0		0
221	TRON (TRX)	TRX		0	0		0		0
222	NDB (NDB)	NDB	"Blockchain-based NDB Ecosystem that facilitates trading, tracking, and paying (and otherwise managing) energy in new ways among peers and with personal devices, utility providers, and other stakeholders and components. At its center, the NDB Ecosystem is developed, managed, and governed by NDB Hub."	0.01	0.000001	3		13213940000	120
223	NDB (NDB)	NDB	"Blockchain-based NDB Ecosystem that facilitates trading, tracking, and paying (and otherwise managing) energy in new ways among peers and with personal devices, utility providers, and other stakeholders and components. At its center, the NDB Ecosystem is developed, managed, and governed by NDB Hub."	0.01	0.000001	3		13207070000	120
224	GG TOKEN (GGTKN)	GGTKN	Utility Token For Lottery & Gambling Portals. GGTKN is also accepted on various e-commerce projects around the world. Full list available on the official website.	0.1	0.000006	19327		1213365022	21067
225	GG TOKEN (GGTKN)	GGTKN	Utility Token For Lottery & Gambling Portals. GGTKN is also accepted on various e-commerce projects around the world. Full list available on the official website.	0.1	0.000006	19327		1210210933	21067
226	Jointer (JNTR)	JNTR	JNTR is a liquidity bridge that serves as a transfer of value between traditional commercial real estate equity and blockchain based digital currencies.	0.02	0.000001	71461		238936923	5276
227	Jointer (JNTR)	JNTR	JNTR is a liquidity bridge that serves as a transfer of value between traditional commercial real estate equity and blockchain based digital currencies.	0.02	0.000001	72200		236550989	5276
228	Okse (OKSE)	OKSE	"Okse Wallet and Okse Visa Card are a decentralized finance system, built to revolutionize the financial market. Okse Wallet and Card allows only the owner to access and spend their cryptocurrency without counter-party risk in over 60 million shops worldwide."	0.13	0.000008	560351		132767000	4867
229	Okse (OKSE)	OKSE	"Okse Wallet and Okse Visa Card are a decentralized finance system, built to revolutionize the financial market. Okse Wallet and Card allows only the owner to access and spend their cryptocurrency without counter-party risk in over 60 million shops worldwide."	0.13	0.000008	564638		132155000	4868
230	Grove Token (GVR)	GVR	"Grove aims to create wealth, for all Grovers, by harnessing the opportunities of secure, decentralised digital currency in an environmentally conscious way. By compensating nature for years of abuse, Grove will create a healthier, wealthier future for all."	0	0	5042499		78835768	38765
231	Grove Token (GVR)	GVR	"Grove aims to create wealth, for all Grovers, by harnessing the opportunities of secure, decentralised digital currency in an environmentally conscious way. By compensating nature for years of abuse, Grove will create a healthier, wealthier future for all."	0	0	5091555		78835743	38774
232	ArenaPlay (APC)	APC	"ArenaPlay is committed to building on-chain infrastructure covering; gaming, quizzes, E-Sports, NFT, and the wider Meta-Universe."	0.72	0.000042	369683		71756500	112599
233	ArenaPlay (APC)	APC	"ArenaPlay is committed to building on-chain infrastructure covering; gaming, quizzes, E-Sports, NFT, and the wider Meta-Universe."	0.72	0.000042	371118		71603300	112600
234	Pylon Eco Token (PETN)	PETN	"Pylon Eco is a DeFi, governance and deflationary open source ecosystem-based project. It claims to features buyback guarantee of all ICO tokens and aims for daily used in plenty of ecosystems to bring mass crypto adoption. It provides staking reward and is backed by guarantee portfolio."	0.38	0.000022	204157		37014763	9035
235	ETHAX (ETHAX)	ETHAX	"Through ETHAX’s unique ground-breaking machine learning technology, ETHAX simplifies the consumer process to create a trading platform for all investors."	0.04	0.000003	62457		34999112	1606
236	ETHAX (ETHAX)	ETHAX	"Through ETHAX’s unique ground-breaking machine learning technology, ETHAX simplifies the consumer process to create a trading platform for all investors."	0.04	0.000003	62103		34957664	1607
237	Thoreumv3 - Thoreum.Capital (THOREUM)	THOREUM	"More than 1 year with Thoreum V1&V2, it's time for Thoreum V3, strongly prioritizes hyper deflation and passive income, with features:
Limited supply & hyper deflationary token with the aggressive burn of 25% every sell transaction"	0.46	0.000027	2224		22806298	15409
238	Thoreumv3 - Thoreum.Capital (THOREUM)	THOREUM	"More than 1 year with Thoreum V1&V2, it's time for Thoreum V3, strongly prioritizes hyper deflation and passive income, with features:
Limited supply & hyper deflationary token with the aggressive burn of 25% every sell transaction"	0.46	0.000026	2224		22781958	15409
239	Tech Trees Coin (TTC)	TTC	TechTrees is a web 3.0 public welfare organization in response to Elon Musk‘s vision for sustainable development.	0	0	9402		20040636	54001
240	Tech Trees Coin (TTC)	TTC	TechTrees is a web 3.0 public welfare organization in response to Elon Musk‘s vision for sustainable development.	0	0	7129		19863927	54001
241	XEN Crypto (bXEN)	bXEN	"XEN aims to become a community-building crypto asset that connects like
minded people together and provide the lowest barrier to entry through its unique tokenomics."	0	0	1846501		19713379	63778
242	XEN Crypto (bXEN)	bXEN	"XEN aims to become a community-building crypto asset that connects like
minded people together and provide the lowest barrier to entry through its unique tokenomics."	0	0	1895081		19489103	63799
243	Elemon Token (ELMON)	ELMON	"Elemon is a NFTs game based on blockchain technology with the purposes and missions to deliver sustainable values to all users and investors in the Cryptocurrency field. More specifically, Elemon is constructed with a comprehensive ecosystem and hosted on the BSC platform with ERC-721 standard."	0.01	0	7441		12860140	38762
244	Elemon Token (ELMON)	ELMON	"Elemon is a NFTs game based on blockchain technology with the purposes and missions to deliver sustainable values to all users and investors in the Cryptocurrency field. More specifically, Elemon is constructed with a comprehensive ecosystem and hosted on the BSC platform with ERC-721 standard."	0.01	0	7454		12848180	38760
245	EXENO COIN (EXN)	EXN	"Exeno is a company, aiming to deliver tech solutions for a rapidly growing cryptocurrency market. Created by experts interested in developing an ecosystem of innovative digital solutions for cryptocurrency owners. exn is multichain and user can bridge exn on polygon and Ethereum using bridge"	0.25	0.000015	159517		12687729	92
246	EXENO COIN (EXN)	EXN	"Exeno is a company, aiming to deliver tech solutions for a rapidly growing cryptocurrency market. Created by experts interested in developing an ecosystem of innovative digital solutions for cryptocurrency owners. exn is multichain and user can bridge exn on polygon and Ethereum using bridge"	0.25	0.000015	159535		12663946	92
247	EVAI (EV)	EV	"Evai is pioneering an unbiased crypto-asset rating platform, which will be synonymous with academic research, transparent crypto asset appraisal, and cutting-edge AI and machine learning technology, becoming the trusted voice in the industry by investors and peers alike."	0.01	0.000001	1873		11202827	2786
248	EVAI (EV)	EV	"Evai is pioneering an unbiased crypto-asset rating platform, which will be synonymous with academic research, transparent crypto asset appraisal, and cutting-edge AI and machine learning technology, becoming the trusted voice in the industry by investors and peers alike."	0.01	0.000001	1873		11196050	2786
249	Venus DOGE (vDOGE)	vDOGE	Venus is an algorithmic money market and synthetic stablecoin decentralized finance protocol.	0	0	3		9380078	2055
250	Venus DOGE (vDOGE)	vDOGE	Venus is an algorithmic money market and synthetic stablecoin decentralized finance protocol.	0	0	3		9377789	2055
251	Titano (TITANO)	TITANO	"Titano is positioned to lead a revolution in DeFi with the Titano Autostaking Protocol or TAP, a new financial protocol that makes staking easier, and gives $TITANO token holders the highest stable returns in crypto."	0	0	17806		8932372	76507
252	Titano (TITANO)	TITANO	"Titano is positioned to lead a revolution in DeFi with the Titano Autostaking Protocol or TAP, a new financial protocol that makes staking easier, and gives $TITANO token holders the highest stable returns in crypto."	0	0	17801		8905888	76504
253	CORE MultiChain Token (CMCX)	CMCX	"CORE is a multi chain PoS network focused on interoperability, scalability and usability. It utilizes AI-enabled Proof of Stake algorithm, multi layered consensus model and voting based governance."	0	0	479337		8502090	13728
254	CORE MultiChain Token (CMCX)	CMCX	"CORE is a multi chain PoS network focused on interoperability, scalability and usability. It utilizes AI-enabled Proof of Stake algorithm, multi layered consensus model and voting based governance."	0	0	482893		8476020	13728
255	ElonGate (ElonGate)	ElonGate	Elongate is a Yield & Liquidity Generation Token that leverages the raw power of memes to donate to charity.	0	0	6042		8000000	481959
256	Recycling Token (CYC)	CYC	CYC is a blockchain-based platform for converting waste and recyclables into real-value CYC tokens. CYC Ecosystem connects people with companies and municipal services and makes it possible to encourage citizens to exercise care with waste utilization	0.01	0	3		7912870	5689
257	ElonGate (ElonGate)	ElonGate	Elongate is a Yield & Liquidity Generation Token that leverages the raw power of memes to donate to charity.	0	0	6269		7900000	481959
258	WANDA EXCHANGE (WE)	WE	WE is the native token of the Wanda Exchange hardware ecosystem and can be used for transactions via Wanda POS and ATMs.	0.01	0	79		7028729	5176
259	Venus XRP (vXRP)	vXRP	Venus is an algorithmic money market and synthetic stablecoin decentralized finance protocol.	0.01	0	36462		6662434	2094
260	Venus XRP (vXRP)	vXRP	Venus is an algorithmic money market and synthetic stablecoin decentralized finance protocol.	0.01	0	36813		6654121	2094
261	LIMOCOIN SWAP (LMCSWAP)	LMCSWAP	"LIMOCOIN SWAP, dynamic and financially free Africa. Limocoin being a utility token, will allow the user to acquire goods and services anywhere in the world without having to walk around with cash."	0	0	5		6602383	103406
262	LIMOCOIN SWAP (LMCSWAP)	LMCSWAP	"LIMOCOIN SWAP, dynamic and financially free Africa. Limocoin being a utility token, will allow the user to acquire goods and services anywhere in the world without having to walk around with cash."	0	0	3		6601111	103403
263	LinkDao (LKD)	LKD	LinkDao is a decentralized multi-chain liquidity enabler network that focuses on high yield on crypto assets.	0.6	0.000035	126094		6031440	1666
264	LinkDao (LKD)	LKD	LinkDao is a decentralized multi-chain liquidity enabler network that focuses on high yield on crypto assets.	0.6	0.000035	125920		6023090	1667
265	OwlDAO token (OWL)	OWL	"OwlDAO aims to build the best casino solution on Ethereum networks. Partnering with leading protocols, the OWL token provides perpetual buyback from casino incomes, plus auto-liquidity and staking rewards."	0.01	0.000001	25		6016415	52457
266	OwlDAO token (OWL)	OWL	"OwlDAO aims to build the best casino solution on Ethereum networks. Partnering with leading protocols, the OWL token provides perpetual buyback from casino incomes, plus auto-liquidity and staking rewards."	0.01	0.000001	24		6005125	52457
267	Venus ADA (vADA)	vADA	Venus is an algorithmic money market and synthetic stablecoin decentralized finance protocol.	0.01	0	20646		5914679	4729
268	Venus ADA (vADA)	vADA	Venus is an algorithmic money market and synthetic stablecoin decentralized finance protocol.	0.01	0	19647		5896027	4729
269	Ultron (ULX)	ULX	"Ultron Foundation is an EVM-compatible layer-1 blockchain system supported by Solidity Finance, with a fully functioning DeFi ecosystem that includes a native coin and dApps."	0.07	0.000004	542827		5828310	5534
270	Ultron (ULX)	ULX	"Ultron Foundation is an EVM-compatible layer-1 blockchain system supported by Solidity Finance, with a fully functioning DeFi ecosystem that includes a native coin and dApps."	0.07	0.000004	549037		5823722	5533
271	EVAI.IO (EVAI)	EVAI	"Evai is a decentralized autonomous organization (DAO) presenting a decentralized rating platform for crypto, DeFi, and NFT-based assets that can be used by anyone to evaluate these new asset classes."	0.01	0.000001	1873		5590323	22038
272	EVAI.IO (EVAI)	EVAI	"Evai is a decentralized autonomous organization (DAO) presenting a decentralized rating platform for crypto, DeFi, and NFT-based assets that can be used by anyone to evaluate these new asset classes."	0.01	0.000001	1873		5586941	22038
273	Space Token (SPACE)	SPACE	"Space Token (SPACE) is the utility token of Final Autoclaim, a crypto earnings site that allows users to earn over 50 different crypto-currencies by completing surveys, doing small tasks, staking coins, or playing games."	0.02	0.000001	11034		5506919	3113
274	Space Token (SPACE)	SPACE	"Space Token (SPACE) is the utility token of Final Autoclaim, a crypto earnings site that allows users to earn over 50 different crypto-currencies by completing surveys, doing small tasks, staking coins, or playing games."	0.02	0.000001	10936		5505331	3113
275	SYL (SYL)	SYL	A project on decentralized identity & data privacy.	0	0	403720		5478871	23820
276	SYL (SYL)	SYL	A project on decentralized identity & data privacy.	0	0	390848		5448428	23820
277	M7V2 (M7V2)	M7V2	"The M7V2 will provide eCommerce, Gamming Platform and Centralized Exchange which aims to provide the profitability for its sustainable growth."	0.23	0.000013	14		4786740	3307
278	M7V2 (M7V2)	M7V2	"The M7V2 will provide eCommerce, Gamming Platform and Centralized Exchange which aims to provide the profitability for its sustainable growth."	0.23	0.000013	11		4786488	3307
279	LoopNetwork (LOOP)	LOOP	A cryptocurrency system that supports smart contracts without the scalability and privacy limitations of earlier systems like Ethereum.	0.02	0.000001	42715		4212040	6796
280	LoopNetwork (LOOP)	LOOP	A cryptocurrency system that supports smart contracts without the scalability and privacy limitations of earlier systems like Ethereum.	0.02	0.000001	42741		4208876	6795
281	GAMMA (GAMMA)	GAMMA	"GAMMA is the utility token for the Planet. Anyone can use GAMMA to unlock discount fees on Green Planet, the first decentralized money market with discount levels. GAMMA can be earned providing liquidity to pools and staking in vaults."	0.04	0.000002	0		3970053	5926
282	GAMMA (GAMMA)	GAMMA	"GAMMA is the utility token for the Planet. Anyone can use GAMMA to unlock discount fees on Green Planet, the first decentralized money market with discount levels. GAMMA can be earned providing liquidity to pools and staking in vaults."	0.04	0.000002	0		3969394	5926
283	Venus XVS (vXVS)	vXVS	Venus is an algorithmic money market and synthetic stablecoin decentralized finance protocol.	0.09	0.000005	57		3781227	10904
284	Venus XVS (vXVS)	vXVS	Venus is an algorithmic money market and synthetic stablecoin decentralized finance protocol.	0.09	0.000005	57		3767895	10904
285	GoMining Token (GMT)	GMT	GoMining Token (GMT) is a way of investing in the crypto-sphere where each GMT is backed by an SHA–256 computing power mining unit working in the GoMining pool.	0.09	0.000005	589137		3385140	10055
286	GoMining Token (GMT)	GMT	GoMining Token (GMT) is a way of investing in the crypto-sphere where each GMT is backed by an SHA–256 computing power mining unit working in the GoMining pool.	0.09	0.000005	579975		3384119	10054
287	WINk (WIN)	WIN	WINk aims to build on its market position as a leading blockchain gaming platform through the consistent introduction of high-quality decentralized applications (DApps).	0	0	52308		3131572	67735
288	WINk (WIN)	WIN	WINk aims to build on its market position as a leading blockchain gaming platform through the consistent introduction of high-quality decentralized applications (DApps).	0	0	51309		3128715	67736
289	SOULS OF META (SOM)	SOM	Souls of Meta is a Cross-Game Multi-Chain Fun-2-Earn (Play-Own-Earn + Free-2-Play) Third-person Action-RPG Fantasy NFT Gaming Metaverse of Blades and Sorcery	0	0	258177		2877750	4906
290	SOULS OF META (SOM)	SOM	Souls of Meta is a Cross-Game Multi-Chain Fun-2-Earn (Play-Own-Earn + Free-2-Play) Third-person Action-RPG Fantasy NFT Gaming Metaverse of Blades and Sorcery	0	0	258870		2874810	4905
291	Galaxy Heroes (GHC)	GHC	Galaxy Heroes Coin was introduced as a community-driven token geared towards fellow superhero fans.	0	0	3880		2450000	929
292	Galaxy Heroes (GHC)	GHC	Galaxy Heroes Coin was introduced as a community-driven token geared towards fellow superhero fans.	0	0	3737		2450000	928
293	Uplift (LIFT)	LIFT	"Invest in the future and earn in the present with Uplift.
Uplift DAO is a Binance-based multi-award-winning launchpad for IDOs, which offers its users unprecedented access to early-round investment opportunities."	0.02	0.000001	739		2425219	2685
294	Uplift (LIFT)	LIFT	"Invest in the future and earn in the present with Uplift.
Uplift DAO is a Binance-based multi-award-winning launchpad for IDOs, which offers its users unprecedented access to early-round investment opportunities."	0.02	0.000001	737		2417420	2684
295	Tokyo AU Token (TOKAU)	TOKAU	"TOKAU is a BEP20 token based on blockchain technology that connects fans and celebrities, like Hip Hop starts, NBA stars, etc. TOKAU is developing Meta City where users can monetize their virtual and social experiences."	0	0	42		1900000	78222
296	Tokyo AU Token (TOKAU)	TOKAU	"TOKAU is a BEP20 token based on blockchain technology that connects fans and celebrities, like Hip Hop starts, NBA stars, etc. TOKAU is developing Meta City where users can monetize their virtual and social experiences."	0	0	42		1900000	78222
297	Ltradex (LTEX)	LTEX	LTEX Token is a unique bridge for a decentralized exchange where users can switch to the Binance Smart Chain or Ethereum and vice versa.	0	0	3		1880000	4215
298	Ltradex (LTEX)	LTEX	LTEX Token is a unique bridge for a decentralized exchange where users can switch to the Binance Smart Chain or Ethereum and vice versa.	0	0	3		1880000	4215
299	XODEX (XODEX)	XODEX	"Xodex is developing a high-speed zero-fee blockchain with DeFi protocols, NFT projects, and dApps that will facilitate the creator’s economy, It is also creating a crypto exchange and launchpad."	0	0	1272		1843361	2754
300	XODEX (XODEX)	XODEX	"Xodex is developing a high-speed zero-fee blockchain with DeFi protocols, NFT projects, and dApps that will facilitate the creator’s economy, It is also creating a crypto exchange and launchpad."	0	0	1282		1841394	2754
301	Venus FIL (vFIL)	vFIL	Venus is an algorithmic money market and synthetic stablecoin decentralized finance protocol.	0.09	0.000005	177		1740913	1186
302	Venus FIL (vFIL)	vFIL	Venus is an algorithmic money market and synthetic stablecoin decentralized finance protocol.	0.09	0.000005	177		1740494	1186
303	HashBit-Peg HBIT Token (HBIT)	HBIT	HashBit (HBIT) is a highly scalable peer-to-peer digital currency that enables industry-leading transaction speeds with negligible fees. HashBit-Peg HBIT Token main goal is to make it possible to send and receive payments through the most popular messaging apps.	0	0	600404		1481510	2542
304	Immutable (DARA)	DARA	DARA is the Utility token of The Immutable Network which enables people to reclaim and preserve their intellectual property. The Immutable Network is a decentralized incubator using its DAO Fund to pay for its own IPFS cluster and fund the development of products proposed by third-party developers.	0.03	0.000002	6361		1462355	2534
305	HashBit-Peg HBIT Token (HBIT)	HBIT	HashBit (HBIT) is a highly scalable peer-to-peer digital currency that enables industry-leading transaction speeds with negligible fees. HashBit-Peg HBIT Token main goal is to make it possible to send and receive payments through the most popular messaging apps.	0	0	616694		1435450	2539
306	DOGGY (DOGGY)	DOGGY	"Crypto doggies are 10,000 procedurally designed NFTs in gif format with cute animation by top-notch artists and they can be minted by burning Doggy tokens. Each of the NFTs is unique with traits like dog breed, color, or accessories."	0	0	992		1408405	42810
307	BabyFlokiCoin (BabyFlokiCoin)	BabyFlokiCoin	Baby Floki Coin is a new crypto coin brought to life by fans & members of the Shiba Inu/Doge community.	0	0	80321		1400000	10156
308	DOGGY (DOGGY)	DOGGY	"Crypto doggies are 10,000 procedurally designed NFTs in gif format with cute animation by top-notch artists and they can be minted by burning Doggy tokens. Each of the NFTs is unique with traits like dog breed, color, or accessories."	0	0	1490		1391324	42809
309	Annex (ANN)	ANN	"A Decentralized Marketplace for Lenders and Borrowers, Swap, Auction and NFT marketplace."	0	0	64		1372398	13159
310	Immutable (DARA)	DARA	DARA is the Utility token of The Immutable Network which enables people to reclaim and preserve their intellectual property. The Immutable Network is a decentralized incubator using its DAO Fund to pay for its own IPFS cluster and fund the development of products proposed by third-party developers.	0.03	0.000002	5992		1372378	2533
311	Annex (ANN)	ANN	"A Decentralized Marketplace for Lenders and Borrowers, Swap, Auction and NFT marketplace."	0	0	191		1371568	13159
312	Sphynx Labs (SPHYNX)	SPHYNX	"Sphynx Labs decentralised Trading Platform available on iOS, Android & Web. Multi Network Wallet connecting to WEB3 and simplifying the user's experience by bringing everything into one Mobile Application & Web dAPP."	0	0	74		1341324	8561
313	Sphynx Labs (SPHYNX)	SPHYNX	"Sphynx Labs decentralised Trading Platform available on iOS, Android & Web. Multi Network Wallet connecting to WEB3 and simplifying the user's experience by bringing everything into one Mobile Application & Web dAPP."	0	0	107		1340923	8561
314	Minto Bitcoin Hashrate Token (BTCMT)	BTCMT	Minto is a decentralized mining DeFi platform that combines the advantages of DeFi and classic mining. We offer investors exposure to Bitcoin mining.	0.57	0.000033	26354		1241414	8937
315	Minto Bitcoin Hashrate Token (BTCMT)	BTCMT	Minto is a decentralized mining DeFi platform that combines the advantages of DeFi and classic mining. We offer investors exposure to Bitcoin mining.	0.57	0.000033	26573		1237932	8936
315	Beach Token (BEACH)	BEACH	"$BEACH is an innovative DeFi token for people who believe doing well should not cost us the planet. It's vision is to create a token that directly supports climate action, provides the utility of a low friction means and place of exchange."	0	0	53		1207377	2494
316	Beach Token (BEACH)	BEACH	"$BEACH is an innovative DeFi token for people who believe doing well should not cost us the planet. It's vision is to create a token that directly supports climate action, provides the utility of a low friction means and place of exchange."	0	0	39		1200081	2494
317	loser coin (lowb)	lowb	"Losercoin is a project initiated by two poor guys from China, one is a father of two kids from a village, the other one is a coder living a miserable life by working 60 hours a week ."	0	0	20312		1137183	141304
318	loser coin (lowb)	lowb	"Losercoin is a project initiated by two poor guys from China, one is a father of two kids from a village, the other one is a coder living a miserable life by working 60 hours a week ."	0	0	20762		1134044	141304
319	Bunny Token (BUNNY)	BUNNY	Pancake Bunny is a yield farming project aiming to complete difficult missions for cake farmers to get more cakes.	0.07	0.000004	0		1075019	97526
320	Bunny Token (BUNNY)	BUNNY	Pancake Bunny is a yield farming project aiming to complete difficult missions for cake farmers to get more cakes.	0.07	0.000004	0		1072192	97526
321	CanYaCoin (CAN)	CAN	The decentralized service place for the world.	0.01	0.000001	0		932975	1018
322	CanYaCoin (CAN)	CAN	The decentralized service place for the world.	0.01	0.000001	0		931063	1018
323	WEB3 Inu (WEB3)	WEB3	WEB3 Inu is a Play to Earn concept in both On-Chain and Off-Chain layers. It is a GameFi token where both sides of the game will be actively interconnecting and constantly yielding income for both parties.	0	0	537		890000	340440
324	WEB3 Inu (WEB3)	WEB3	WEB3 Inu is a Play to Earn concept in both On-Chain and Off-Chain layers. It is a GameFi token where both sides of the game will be actively interconnecting and constantly yielding income for both parties.	0	0	536		890000	340439
325	DVX (DRIVENx)	DRIVENx	DRIVENx (DVX) is a BEP20 token released on the Binance Smart Chain Network in August of 2021 focusing on bridging the gaps between cryptocurrency and standard FIAT-based business as usual.	0	0	6		821806	5625
326	DVX (DRIVENx)	DRIVENx	DRIVENx (DVX) is a BEP20 token released on the Binance Smart Chain Network in August of 2021 focusing on bridging the gaps between cryptocurrency and standard FIAT-based business as usual.	0	0	17		820929	5625
327	Bat True Dollar (BTD)	BTD	Bat True Dollar (BTD) is an algorithmic stablecoin on Binance Smart Chain.	0.08	0.000005	10657		777538	2433
328	Bat True Dollar (BTD)	BTD	Bat True Dollar (BTD) is an algorithmic stablecoin on Binance Smart Chain.	0.08	0.000005	10657		777538	2433
329	N1CEToken (N1CE)	N1CE	"N1CE is a community of people who love cryptocurrencies and blockchain, with a high level of expertise they can share with others."	0.01	0	3853		705919	11253
330	Useless (1USE)	1USE	"$USE (ONE) and bridged $1USE (BSC, ETH) is a deflationary token with utility behind the #AllForOne mobile app and ECLIPSE decentralized ranking system. The name is ironic the only thing useless about Useless is the name."	0	0	163		559836	11398
331	Useless (1USE)	1USE	"$USE (ONE) and bridged $1USE (BSC, ETH) is a deflationary token with utility behind the #AllForOne mobile app and ECLIPSE decentralized ranking system. The name is ironic the only thing useless about Useless is the name."	0	0	163		558929	11399
332	HUP.LIFE (HUP)	HUP	"$HUP aims to build a NFT Marketplace enabling socially conscious visual artists and collectors to authenticate their artwork, find copycats across the web, and buy, sell, and license their artwork through its copyright - while complying with international copyright and securities law."	0	0	4490		403315	5783
333	BerylBit (BRB)	BRB	BeryBit aims to offer open source ecosystem that offers private transactions and developing decentralized applications using evm. BerylBit network provides a safe environment for DeFi investors using special mechanism.	0	0	1117		394554	5101
334	BerylBit (BRB)	BRB	BeryBit aims to offer open source ecosystem that offers private transactions and developing decentralized applications using evm. BerylBit network provides a safe environment for DeFi investors using special mechanism.	0	0	1052		393279	5101
335	Cross Finance (CRP)	CRP	Cross Finance aims to offer inter-chain yield farming platform. CRP token is a fully community governed token and can only be mined by providing liquidity.	0.01	0	0		371218	4608
336	Zombie World Z (ZwZ)	ZwZ	Zombie World Z is upgraded and developed based on Zombie Idle Defense – an established game in the market. Zombie World Z is now applying blockchain technology and metaverse to game mining with a game economy tied to tokens and blockchain on the BSC platform.	0	0	4		349670	5092
337	Hectagon (HECTA)	HECTA	The DAO-governed Web3 Venture Capital funding platform for everyone.	0.44	0.000026	15286		329320	343
338	Hectagon (HECTA)	HECTA	The DAO-governed Web3 Venture Capital funding platform for everyone.	0.44	0.000026	15215		328901	343
339	Moonlift (MLTPX)	MLTPX	"MoonLift Capital is a cross-chain turnkey incubator that provides general support and venture capital services to projects looking to make their appearance in the cryptosphere. Next to this service, there is a dex."	0	0	858		229854	7905
340	Moonlift (MLTPX)	MLTPX	"MoonLift Capital is a cross-chain turnkey incubator that provides general support and venture capital services to projects looking to make their appearance in the cryptosphere. Next to this service, there is a dex."	0	0	757		229784	7906
341	MarketLedger (ML)	ML	Market Ledger intends to change the way users interact with cryptocurrency as a whole. It aims to provide a one-stop shop for all of its users' needs whilst also simplifying the journey they need to go through from start to finish.	0.06	0.000004	50		227648	1265
342	MarketLedger (ML)	ML	Market Ledger intends to change the way users interact with cryptocurrency as a whole. It aims to provide a one-stop shop for all of its users' needs whilst also simplifying the journey they need to go through from start to finish.	0.06	0.000004	50		227405	1265
343	PANDORA (PNDR)	PNDR	Pandora Finance is a decentralized ecosystem that focuses on bringing digital and real-world assets on-chain and envisions creating liquidity induction interoperable protocols to enable a seamless and trustless multi-asset NFT commerce	0	0	319		215740	2073
344	PANDORA (PNDR)	PNDR	Pandora Finance is a decentralized ecosystem that focuses on bringing digital and real-world assets on-chain and envisions creating liquidity induction interoperable protocols to enable a seamless and trustless multi-asset NFT commerce	0	0	50		215632	2073
345	Etermon (ETM)	ETM	WELCOME TO ETERMON - The diverse monster world where users can PLAY and EARN at the same time.	0	0	2545		213192	12450
346	Etermon (ETM)	ETM	WELCOME TO ETERMON - The diverse monster world where users can PLAY and EARN at the same time.	0	0	2554		211740	12450
347	HPSv2 (HPS)	HPS	"Billion Happiness is a blockchain community-based project, that introduces. Blockchain to billions of people through simple needs including clothes or wearables, crypto essentials like hardware wallets, and interests and passions including digital artworks."	0.2	0.000011	631		195978	644
348	HPSv2 (HPS)	HPS	"Billion Happiness is a blockchain community-based project, that introduces. Blockchain to billions of people through simple needs including clothes or wearables, crypto essentials like hardware wallets, and interests and passions including digital artworks."	0.2	0.000011	631		195769	646
349	EarnX (EarnX)	EarnX	"EarnX token is the utility token for unique NFTs backed always by a physical product that is unique, antique, and natively made in a particular region in the world, like Persian Carpets, Samurai Swords, etc."	0	0	28		189272	3904
350	EarnX (EarnX)	EarnX	"EarnX token is the utility token for unique NFTs backed always by a physical product that is unique, antique, and natively made in a particular region in the world, like Persian Carpets, Samurai Swords, etc."	0	0	28		189189	3904
351	Bitcoin Pay (BTCPAY)	BTCPAY	"Bitcoin Pay is a triple point asset: it’s a store of value, a capital asset, and a consumable asset."	0.01	0.000001	8068		186133	9501
352	Bitcoin Pay (BTCPAY)	BTCPAY	"Bitcoin Pay is a triple point asset: it’s a store of value, a capital asset, and a consumable asset."	0.01	0.000001	7538		185137	9502
353	Vaulty Token (VLTY)	VLTY	Vaulty is a decentralized platform to bring automatic asset allocation across DeFi instruments.	0.01	0.000001	15793		157448	1283
354	Phoswap (PHO)	PHO	Phoswap (PHO) is a native token of Phoswap. It will be distributed to Phoswap community through airdrops and other incentive programs and used within Phoswap ecosystem.	0.02	0.000001	0		155380	3763
355	Vaulty Token (VLTY)	VLTY	Vaulty is a decentralized platform to bring automatic asset allocation across DeFi instruments.	0.01	0.000001	16070		155300	1283
356	BSCstarter (START)	START	Bsc starter finance aims to offer secure community-owned and governed token presale platform for Binance Smart Chain.	0.14	0.000008	98		143714	10397
357	BSCstarter (START)	START	Bsc starter finance aims to offer secure community-owned and governed token presale platform for Binance Smart Chain.	0.14	0.000008	98		143403	10397
358	WalletNow (WNOW)	WNOW	"WalletNow aims to consolidate all your crypto investments from multiple sources and aggregates them in a simple, clean, and searchable table."	0.01	0.000001	11		126663	5581
359	Covid Vaccine (COVAC)	COVAC	"COVAC token ($COVAC) is a community-driven, fair launched DeFi token used to track the number of COVID vaccinated people around the world."	0	0	0		115338	1393
360	Covid Vaccine (COVAC)	COVAC	"COVAC token ($COVAC) is a community-driven, fair launched DeFi token used to track the number of COVID vaccinated people around the world."	0	0	0		115034	1393
361	Floshin (Floshin)	Floshin	"The FLOSHIN ecosystem is backed by multiple decentralized applications, which provide the profitability for its sustainable growth."	0	0	0		100000	3819
362	Floshin (Floshin)	Floshin	"The FLOSHIN ecosystem is backed by multiple decentralized applications, which provide the profitability for its sustainable growth."	0	0	0		100000	3819
363	RegularPresale (REGU)	REGU	Regular Presale is an IDO Launchpad Project. Its primary purpose is to list quality IDO projects within its body. His biggest goal is to build bridges on the Solana-BSC-Polygon networks land and to make IDO projects in three networks	0	0	35		97570	1812
364	PontoonToken (TOON)	TOON	Pontoon is a one-click liquidity mirror protocol for cross-chain which aims to resolve fragmentation and composability concerns in the ecosystem in a completely trustless way.	0.01	0.000001	310		95270	2029
365	PontoonToken (TOON)	TOON	Pontoon is a one-click liquidity mirror protocol for cross-chain which aims to resolve fragmentation and composability concerns in the ecosystem in a completely trustless way.	0.01	0.000001	310		95169	2029
366	Shield Protocol (SHIELD)	SHIELD	"Shield is a Security Tool, Multi Chain Wallet, Multi Chain Bridge, First 2FA on Multi blockchain and NFT Platform."	0.09	0.000005	5		93453	24452
367	Shield Protocol (SHIELD)	SHIELD	"Shield is a Security Tool, Multi Chain Wallet, Multi Chain Bridge, First 2FA on Multi blockchain and NFT Platform."	0.09	0.000005	5		93389	24452
368	France REV Finance (FRF)	FRF	Frftoken work in the field of clean energy Our goal is to teach people to work to save the earth and to know that the use of clean energy helps a lot to save the earth. We do not think it would be interesting to leave Earth for Mars. We must work to save the earth.	0	0	5789		90000	2002
369	France REV Finance (FRF)	FRF	Frftoken work in the field of clean energy Our goal is to teach people to work to save the earth and to know that the use of clean energy helps a lot to save the earth. We do not think it would be interesting to leave Earth for Mars. We must work to save the earth.	0	0	5851		90000	2002
370	Sea Token (SEA)	SEA	"SEA Token is a blockchain project in a suite of dApps enabling people anywhere, on the simplest tech, to gather, process and distribute environmental data, and a deflationary token designed to raise funds for our partners fighting ocean degradation."	0	0	29		89522	1513
371	DeSpace Protocol (DES)	DES	The project aims to build a healthy and decentralized ecosystem from different areas of the DeFi and NFT niches.	0	0	107828		84033	3117
372	DeSpace Protocol (DES)	DES	The project aims to build a healthy and decentralized ecosystem from different areas of the DeFi and NFT niches.	0	0	107049		83280	3117
373	binance conflux Flux Protocol (bcFLUX)	bcFLUX	"FLUX is a decentralized, non-custodial digital encryption asset mortgage lending protocol. In FLUX's currency market, users are able to deposit specific crypto assets to earn interest, as well as lend certain crypto assets by collateralizing their assets and paying a certain amount of interest."	0.02	0.000001	0		58306	1525
374	binance conflux Flux Protocol (bcFLUX)	bcFLUX	"FLUX is a decentralized, non-custodial digital encryption asset mortgage lending protocol. In FLUX's currency market, users are able to deposit specific crypto assets to earn interest, as well as lend certain crypto assets by collateralizing their assets and paying a certain amount of interest."	0.02	0.000001	2		58063	1525
375	GemDao (GemDao)	GemDao	"GemDAO is a groundbreaking support protocol built on Binance Smart Chain, operating as decentralized Autonomous Organization (DAO), targeting who loves meme projects on launchpads."	0	0	8		50737	253
376	BetSwirl Token (BETS)	BETS	"BetSwirl aims to be THE decentralized gambling platform: provably fair, non-custodial, licensed, trustless, and community-driven."	0	0	3101		42583	318
377	BetSwirl Token (BETS)	BETS	"BetSwirl aims to be THE decentralized gambling platform: provably fair, non-custodial, licensed, trustless, and community-driven."	0	0	3101		42555	318
378	Augmented Finance (AGF)	AGF	"Augmented Finance is a DeFi liquidity protocol for high-yield lending and low-interest borrowing of digital assets, launched fairly and enabled by artificial intelligence (AI). Augmented Finance is easy to use and maximizes the reward for its liquidity providers."	0	0	73		37437	334
379	Augmented Finance (AGF)	AGF	"Augmented Finance is a DeFi liquidity protocol for high-yield lending and low-interest borrowing of digital assets, launched fairly and enabled by artificial intelligence (AI). Augmented Finance is easy to use and maximizes the reward for its liquidity providers."	0	0	73		37344	334
380	Nemesis Wealth Projects BSC (NMS)	NMS	"Nemesis provides powerful software and web solutions aimed at increasing the value of our tokens in the future and, as a result, ensuring the community's wealth. The $NMS Token is a milestone in Nemesis Wealth Projects LLC's wider vision."	0	0	22		32080	1056
381	Nemesis Wealth Projects BSC (NMS)	NMS	"Nemesis provides powerful software and web solutions aimed at increasing the value of our tokens in the future and, as a result, ensuring the community's wealth. The $NMS Token is a milestone in Nemesis Wealth Projects LLC's wider vision."	0	0	22		31980	1056
382	MLOKY (MLOKY)	MLOKY	A deflationary token with a revolutionary reward system and auto liquidity generating protocol launched on Binance Smart Chain. Earn an endless passive income by holding MLOKY in your wallet. Rewards will be paid in BUSD (Binance pegged USD) & LUCHOW token.	0	0	74		31302	367
383	MLOKY (MLOKY)	MLOKY	A deflationary token with a revolutionary reward system and auto liquidity generating protocol launched on Binance Smart Chain. Earn an endless passive income by holding MLOKY in your wallet. Rewards will be paid in BUSD (Binance pegged USD) & LUCHOW token.	0	0	73		31198	367
384	Tenup DAO Token (TUP)	TUP	"TenupNation is determined by the dynamics of blockchain technology. Tenup spreading its wings with personalized DeFi projects for instance staking, Tenup Swap, Tenup decentralized game with cross-chain features."	0.02	0.000001	24550		25505	273
385	Tenup DAO Token (TUP)	TUP	"TenupNation is determined by the dynamics of blockchain technology. Tenup spreading its wings with personalized DeFi projects for instance staking, Tenup Swap, Tenup decentralized game with cross-chain features."	0.02	0.000001	24882		25467	273
386	SHIRO INU (SHIR)	SHIR	SHIR token is a decentralized exchange and 5% of all FANG per block (BPB) will be allocated to a multi-signature activated Dev wallets.	0	0	78		16691	5830
387	SHIRO INU (SHIR)	SHIR	SHIR token is a decentralized exchange and 5% of all FANG per block (BPB) will be allocated to a multi-signature activated Dev wallets.	0	0	66		15405	5830
388	GameStation (GAMER)	GAMER	Gamestation is a decentralized multi-chain gaming launchpad and marketplace which empowers independent game developers and gamers. We do this by enabling game developers to fund their ideas without giving away equity or IP.	0.01	0	5		13238	459
389	GameStation (GAMER)	GAMER	Gamestation is a decentralized multi-chain gaming launchpad and marketplace which empowers independent game developers and gamers. We do this by enabling game developers to fund their ideas without giving away equity or IP.	0.01	0	5		13226	459
390	Elite Swap Binance Token (ELTB)	ELTB	Elite Swap Protocol is a decentralized exchange (Complete Fork of Uniswap) running on ETH and Binance Smart Chain.	0	0	0		11679	1100
391	Elite Swap Binance Token (ELTB)	ELTB	Elite Swap Protocol is a decentralized exchange (Complete Fork of Uniswap) running on ETH and Binance Smart Chain.	0	0	0		11649	1100
392	ALL BEST ICO SATOSHI (SATSALL)	SATSALL	"ALLBI is a consumer-oriented cryptocurrency launched in the U.K. by LEX PARTNERS LTD, a company which supports ALLBI. ALLBI aims to virtually eliminate mining for profit the aspect of cryptocurrencies responsible for harming the environment, through wastage of electricity."	0	0	8637		6861	190
393	ALL BEST ICO SATOSHI (SATSALL)	SATSALL	"ALLBI is a consumer-oriented cryptocurrency launched in the U.K. by LEX PARTNERS LTD, a company which supports ALLBI. ALLBI aims to virtually eliminate mining for profit the aspect of cryptocurrencies responsible for harming the environment, through wastage of electricity."	0	0	8773		6570	190
394	TORG (TORG)	TORG	"A sustainable, completely decentralized, and utility-focused cryptocurrency, aimed at global human development."	0	0	1017		124	31801
395	TORG (TORG)	TORG	"A sustainable, completely decentralized, and utility-focused cryptocurrency, aimed at global human development."	0	0	1000		124	31801
396	Talkado (TALK)	TALK	"Talkado is a community-driven, automated hyper-deflationary, effortless, and frictionless high-yield aggregation protocol."	0	0	66963		0	4136
397	Talkado (TALK)	TALK	"Talkado is a community-driven, automated hyper-deflationary, effortless, and frictionless high-yield aggregation protocol."	0	0	67397		0	4136
